id,region,prompt,start_time,end_time,execution_time,result,result_details
1703499366,openai,用300个左右的汉字描述什么是微软Azure?,2023-12-25 18:00,2023-12-25T18:16:06.706009,16.889392,微软Azure是一个由微软提供的云计算服务平台，支持各种编程语言、工具和框架，让开发者能够构建、部署和管理应用程序。Azure提供了广泛的云服务，包括计算、存储、数据库、网络、人工智能(AI)和物联网(IoT)等。用户可以通过Azure来托管网站和应用，处理和分析数据，以及利用高级服务进行机器学习等。此外，Azure还为用户提供了一系列安全性和合规性工具，确保数据安全和符合规范。Azure的弹性扩展能力意味着用户可以根据需求增减资源，实现成本效率。,"{
  ""choices"": [
    {
      ""finish_reason"": ""stop"",
      ""index"": 0,
      ""logprobs"": null,
      ""message"": {
        ""content"": ""\u5fae\u8f6fAzure\u662f\u4e00\u4e2a\u7531\u5fae\u8f6f\u63d0\u4f9b\u7684\u4e91\u8ba1\u7b97\u670d\u52a1\u5e73\u53f0\uff0c\u652f\u6301\u5404\u79cd\u7f16\u7a0b\u8bed\u8a00\u3001\u5de5\u5177\u548c\u6846\u67b6\uff0c\u8ba9\u5f00\u53d1\u8005\u80fd\u591f\u6784\u5efa\u3001\u90e8\u7f72\u548c\u7ba1\u7406\u5e94\u7528\u7a0b\u5e8f\u3002Azure\u63d0\u4f9b\u4e86\u5e7f\u6cdb\u7684\u4e91\u670d\u52a1\uff0c\u5305\u62ec\u8ba1\u7b97\u3001\u5b58\u50a8\u3001\u6570\u636e\u5e93\u3001\u7f51\u7edc\u3001\u4eba\u5de5\u667a\u80fd(AI)\u548c\u7269\u8054\u7f51(IoT)\u7b49\u3002\u7528\u6237\u53ef\u4ee5\u901a\u8fc7Azure\u6765\u6258\u7ba1\u7f51\u7ad9\u548c\u5e94\u7528\uff0c\u5904\u7406\u548c\u5206\u6790\u6570\u636e\uff0c\u4ee5\u53ca\u5229\u7528\u9ad8\u7ea7\u670d\u52a1\u8fdb\u884c\u673a\u5668\u5b66\u4e60\u7b49\u3002\u6b64\u5916\uff0cAzure\u8fd8\u4e3a\u7528\u6237\u63d0\u4f9b\u4e86\u4e00\u7cfb\u5217\u5b89\u5168\u6027\u548c\u5408\u89c4\u6027\u5de5\u5177\uff0c\u786e\u4fdd\u6570\u636e\u5b89\u5168\u548c\u7b26\u5408\u89c4\u8303\u3002Azure\u7684\u5f39\u6027\u6269\u5c55\u80fd\u529b\u610f\u5473\u7740\u7528\u6237\u53ef\u4ee5\u6839\u636e\u9700\u6c42\u589e\u51cf\u8d44\u6e90\uff0c\u5b9e\u73b0\u6210\u672c\u6548\u7387\u3002"",
        ""role"": ""assistant""
      }
    }
  ],
  ""created"": 1703499350,
  ""id"": ""chatcmpl-8ZcHuuMkGAweepoMZndxSdP2L9lVX"",
  ""model"": ""gpt-4-1106-preview"",
  ""object"": ""chat.completion"",
  ""system_fingerprint"": ""fp_3905aa4f79"",
  ""usage"": {
    ""completion_tokens"": 205,
    ""prompt_tokens"": 40,
    ""total_tokens"": 245
  }
}"
1703499430,openai,用300个左右的汉字描述什么是微软Azure?,2023-12-25 18:00,2023-12-25T18:17:10.477275,11.371303,微软Azure是一个由微软提供的云计算服务平台，它为用户提供了构建、测试、部署和管理应用程序和服务的能力，这一切都通过微软管理的全球数据中心网络进行。Azure提供了广泛的云服务，包括计算、存储、数据库、网络、人工智能（AI）和物联网（IoT）等解决方案。用户可以根据需求选择公有云、私有云或混合云模式，灵活地扩展和缩减资源，按实际使用付费。Azure支持多种编程语言、工具和框架，包括Microsoft独有和第三方系统和软件，为企业和开发者提供了丰富的选择和便利。,"{
  ""choices"": [
    {
      ""finish_reason"": ""stop"",
      ""index"": 0,
      ""logprobs"": null,
      ""message"": {
        ""content"": ""\u5fae\u8f6fAzure\u662f\u4e00\u4e2a\u7531\u5fae\u8f6f\u63d0\u4f9b\u7684\u4e91\u8ba1\u7b97\u670d\u52a1\u5e73\u53f0\uff0c\u5b83\u4e3a\u7528\u6237\u63d0\u4f9b\u4e86\u6784\u5efa\u3001\u6d4b\u8bd5\u3001\u90e8\u7f72\u548c\u7ba1\u7406\u5e94\u7528\u7a0b\u5e8f\u548c\u670d\u52a1\u7684\u80fd\u529b\uff0c\u8fd9\u4e00\u5207\u90fd\u901a\u8fc7\u5fae\u8f6f\u7ba1\u7406\u7684\u5168\u7403\u6570\u636e\u4e2d\u5fc3\u7f51\u7edc\u8fdb\u884c\u3002Azure\u63d0\u4f9b\u4e86\u5e7f\u6cdb\u7684\u4e91\u670d\u52a1\uff0c\u5305\u62ec\u8ba1\u7b97\u3001\u5b58\u50a8\u3001\u6570\u636e\u5e93\u3001\u7f51\u7edc\u3001\u4eba\u5de5\u667a\u80fd\uff08AI\uff09\u548c\u7269\u8054\u7f51\uff08IoT\uff09\u7b49\u89e3\u51b3\u65b9\u6848\u3002\u7528\u6237\u53ef\u4ee5\u6839\u636e\u9700\u6c42\u9009\u62e9\u516c\u6709\u4e91\u3001\u79c1\u6709\u4e91\u6216\u6df7\u5408\u4e91\u6a21\u5f0f\uff0c\u7075\u6d3b\u5730\u6269\u5c55\u548c\u7f29\u51cf\u8d44\u6e90\uff0c\u6309\u5b9e\u9645\u4f7f\u7528\u4ed8\u8d39\u3002Azure\u652f\u6301\u591a\u79cd\u7f16\u7a0b\u8bed\u8a00\u3001\u5de5\u5177\u548c\u6846\u67b6\uff0c\u5305\u62ecMicrosoft\u72ec\u6709\u548c\u7b2c\u4e09\u65b9\u7cfb\u7edf\u548c\u8f6f\u4ef6\uff0c\u4e3a\u4f01\u4e1a\u548c\u5f00\u53d1\u8005\u63d0\u4f9b\u4e86\u4e30\u5bcc\u7684\u9009\u62e9\u548c\u4fbf\u5229\u3002"",
        ""role"": ""assistant""
      }
    }
  ],
  ""created"": 1703499420,
  ""id"": ""chatcmpl-8ZcJ2EPgaJx9CzIav90q3ceWduTeO"",
  ""model"": ""gpt-4-1106-preview"",
  ""object"": ""chat.completion"",
  ""system_fingerprint"": ""fp_6aca3b5ce1"",
  ""usage"": {
    ""completion_tokens"": 216,
    ""prompt_tokens"": 40,
    ""total_tokens"": 256
  }
}"
